recipe_id,title,ingredients,category,ratings,reviews,calories,total_mins,image_url,instructions
1,Delicious Recipe 1,"[""Paprika"", ""Beef"", ""Yogurt"", ""Beef strips"", ""Cream"", ""Broccoli""]","[""Gluten-Free""]",3.3,128,795,42,https://via.placeholder.com/150?text=Recipe+1,"Boil water in a pot and prepare any gluten-free grains or pasta. In a separate pan, cook vegetables and/or meat. Mix everything together in a large bowl. Add sauces or seasoning as desired. Serve immediately."
2,Delicious Recipe 2,"[""Ginger"", ""Olive oil"", ""Yogurt"", ""Cheese"", ""Milk"", ""Asparagus"", ""Avocado"", ""Vanilla extract"", ""Cucumber""]","[""Keto"", ""Vegetarian""]",3.8,444,631,63,https://via.placeholder.com/150?text=Recipe+2,"Wash and chop all vegetables. Heat oil in a pan over medium heat. Add the vegetables and sauté until tender. Season with salt, pepper, and any spices. Serve hot with your choice of side."
3,Delicious Recipe 3,"[""Butter"", ""Zucchini"", ""Chicken breast"", ""Lettuce"", ""Cheese"", ""Pork""]","[""Vegetarian""]",4.5,99,274,15,https://via.placeholder.com/150?text=Recipe+3,"Wash and chop all vegetables. Heat oil in a pan over medium heat. Add the vegetables and sauté until tender. Season with salt, pepper, and any spices. Serve hot with your choice of side."
4,Delicious Recipe 4,"[""Dill"", ""Milk"", ""Cherry tomatoes"", ""Lime"", ""Soy sauce"", ""Turkey"", ""Ginger""]","[""Vegan""]",4.5,589,664,48,https://via.placeholder.com/150?text=Recipe+4,"Wash and chop all vegetables. Heat oil in a pan over medium heat. Add the vegetables and sauté until tender. Season with salt, pepper, and any spices. Serve hot with your choice of side."
5,Delicious Recipe 5,"[""Onion"", ""Beef"", ""Bell peppers"", ""Cucumber"", ""Vanilla extract"", ""Parmesan"", ""Broccoli"", ""Basil""]","[""Vegan"", ""Vegetarian""]",4.3,222,724,35,https://via.placeholder.com/150?text=Recipe+5,"Wash and chop all vegetables. Heat oil in a pan over medium heat. Add the vegetables and sauté until tender. Season with salt, pepper, and any spices. Serve hot with your choice of side."
6,Delicious Recipe 6,"[""Mushroom"", ""Tomatoes"", ""Potato"", ""Cheese"", ""Cream"", ""Cumin"", ""Chicken breast""]","[""Vegetarian""]",4.2,215,271,65,https://via.placeholder.com/150?text=Recipe+6,"Wash and chop all vegetables. Heat oil in a pan over medium heat. Add the vegetables and sauté until tender. Season with salt, pepper, and any spices. Serve hot with your choice of side."
7,Delicious Recipe 7,"[""Cream"", ""Mushrooms"", ""Salt"", ""Oregano"", ""Cream"", ""Chocolate chips"", ""Tomato"", ""Mushroom""]","[""Non-Vegetarian""]",4.0,760,550,11,https://via.placeholder.com/150?text=Recipe+7,Prepare all ingredients by washing and chopping. Cook meat or vegetables in a pan over medium heat. Add spices and seasonings to taste. Simmer until everything is cooked through. Plate and serve warm.
8,Delicious Recipe 8,"[""Yogurt"", ""Broccoli"", ""Dill"", ""Cucumber"", ""Tortillas"", ""Butter""]","[""Non-Vegetarian""]",4.7,748,659,13,https://via.placeholder.com/150?text=Recipe+8,Prepare all ingredients by washing and chopping. Cook meat or vegetables in a pan over medium heat. Add spices and seasonings to taste. Simmer until everything is cooked through. Plate and serve warm.
9,Delicious Recipe 9,"[""Salt"", ""Sugar"", ""Chicken breast"", ""Olive oil"", ""Flour"", ""Dill"", ""Tomatoes"", ""Tortillas""]","[""Gluten-Free""]",3.4,476,262,88,https://via.placeholder.com/150?text=Recipe+9,"Boil water in a pot and prepare any gluten-free grains or pasta. In a separate pan, cook vegetables and/or meat. Mix everything together in a large bowl. Add sauces or seasoning as desired. Serve immediately."
10,Delicious Recipe 10,"[""White fish"", ""Mushroom"", ""Pasta"", ""Cherry Tomatoes"", ""Tortillas"", ""Chicken"", ""Mushrooms"", ""Tortillas"", ""Lettuce"", ""Dill""]","[""Vegan""]",3.3,983,235,42,https://via.placeholder.com/150?text=Recipe+10,"Wash and chop all vegetables. Heat oil in a pan over medium heat. Add the vegetables and sauté until tender. Season with salt, pepper, and any spices. Serve hot with your choice of side."
11,Delicious Recipe 11,"[""Chicken"", ""Avocado"", ""Carrot"", ""Cream"", ""Chocolate chips"", ""Fish"", ""Egg"", ""Cabbage""]","[""Gluten-Free""]",3.1,487,422,47,https://via.placeholder.com/150?text=Recipe+11,"Boil water in a pot and prepare any gluten-free grains or pasta. In a separate pan, cook vegetables and/or meat. Mix everything together in a large bowl. Add sauces or seasoning as desired. Serve immediately."
12,Delicious Recipe 12,"[""Pepper"", ""Zucchini"", ""Flour"", ""Cucumber"", ""Asparagus"", ""Carrots""]","[""Vegetarian"", ""Vegan""]",4.5,332,318,78,https://via.placeholder.com/150?text=Recipe+12,"Wash and chop all vegetables. Heat oil in a pan over medium heat. Add the vegetables and sauté until tender. Season with salt, pepper, and any spices. Serve hot with your choice of side."
13,Delicious Recipe 13,"[""Broccoli"", ""Bell peppers"", ""Salmon fillet"", ""Bell Pepper"", ""Bread"", ""Cherry Tomatoes"", ""Vanilla extract"", ""Butter""]","[""Keto""]",4.0,154,805,80,https://via.placeholder.com/150?text=Recipe+13,Preheat oven to 375°F (190°C). Prepare ingredients by chopping and measuring them. Combine all ingredients in a mixing bowl. Transfer mixture to a baking dish or pan. Bake for 20-30 minutes until golden and cooked through.
14,Delicious Recipe 14,"[""Lettuce"", ""White fish"", ""Cream"", ""Butter"", ""Cabbage slaw"", ""Beef strips""]","[""Low-Carb"", ""Vegan""]",3.1,898,306,23,https://via.placeholder.com/150?text=Recipe+14,"Wash and chop all vegetables. Heat oil in a pan over medium heat. Add the vegetables and sauté until tender. Season with salt, pepper, and any spices. Serve hot with your choice of side."
15,Delicious Recipe 15,"[""White fish"", ""Ginger"", ""Butter"", ""Mushroom"", ""Paprika"", ""Chocolate chips"", ""Egg"", ""Cream"", ""Carrots""]","[""Non-Vegetarian""]",3.6,309,817,55,https://via.placeholder.com/150?text=Recipe+15,Prepare all ingredients by washing and chopping. Cook meat or vegetables in a pan over medium heat. Add spices and seasonings to taste. Simmer until everything is cooked through. Plate and serve warm.
16,Delicious Recipe 16,"[""Pasta"", ""Lettuce"", ""Dill"", ""Salt"", ""Flour"", ""Cherry Tomatoes"", ""Pork""]","[""Vegetarian""]",4.6,145,693,40,https://via.placeholder.com/150?text=Recipe+16,"Wash and chop all vegetables. Heat oil in a pan over medium heat. Add the vegetables and sauté until tender. Season with salt, pepper, and any spices. Serve hot with your choice of side."
17,Delicious Recipe 17,"[""Ginger"", ""Asparagus"", ""Chocolate chips"", ""Chicken breast"", ""Egg"", ""Chocolate chips"", ""Lettuce"", ""Avocado"", ""Olive oil""]","[""Non-Vegetarian""]",4.2,422,860,39,https://via.placeholder.com/150?text=Recipe+17,Prepare all ingredients by washing and chopping. Cook meat or vegetables in a pan over medium heat. Add spices and seasonings to taste. Simmer until everything is cooked through. Plate and serve warm.
18,Delicious Recipe 18,"[""Parmesan"", ""Pork"", ""Tortillas"", ""Carrots"", ""Tomato""]","[""Gluten-Free"", ""Vegan""]",3.4,966,404,65,https://via.placeholder.com/150?text=Recipe+18,"Wash and chop all vegetables. Heat oil in a pan over medium heat. Add the vegetables and sauté until tender. Season with salt, pepper, and any spices. Serve hot with your choice of side."
19,Delicious Recipe 19,"[""Sugar"", ""Salmon fillet"", ""Pepper"", ""Chocolate chips"", ""Paprika"", ""Pork"", ""Butter"", ""Sugar""]","[""Vegan""]",4.2,372,872,50,https://via.placeholder.com/150?text=Recipe+19,"Wash and chop all vegetables. Heat oil in a pan over medium heat. Add the vegetables and sauté until tender. Season with salt, pepper, and any spices. Serve hot with your choice of side."
20,Delicious Recipe 20,"[""Egg"", ""Asparagus"", ""Lamb"", ""Lettuce"", ""Oregano"", ""Cheese"", ""Beef strips"", ""Cream""]","[""Gluten-Free""]",4.9,675,373,73,https://via.placeholder.com/150?text=Recipe+20,"Boil water in a pot and prepare any gluten-free grains or pasta. In a separate pan, cook vegetables and/or meat. Mix everything together in a large bowl. Add sauces or seasoning as desired. Serve immediately."
21,Delicious Recipe 21,"[""Beef"", ""Chocolate chips"", ""Bell Pepper"", ""Cheese"", ""Cabbage slaw"", ""Cherry Tomatoes"", ""Beef strips"", ""Basil"", ""Herbs""]","[""Vegetarian"", ""Vegan""]",4.1,911,710,46,https://via.placeholder.com/150?text=Recipe+21,"Wash and chop all vegetables. Heat oil in a pan over medium heat. Add the vegetables and sauté until tender. Season with salt, pepper, and any spices. Serve hot with your choice of side."
22,Delicious Recipe 22,"[""Parmesan"", ""Olive oil"", ""Cheese"", ""Lettuce"", ""Cherry tomatoes""]","[""Gluten-Free"", ""Vegan""]",4.8,208,235,85,https://via.placeholder.com/150?text=Recipe+22,"Wash and chop all vegetables. Heat oil in a pan over medium heat. Add the vegetables and sauté until tender. Season with salt, pepper, and any spices. Serve hot with your choice of side."
23,Delicious Recipe 23,"[""Cabbage"", ""Chocolate chips"", ""Yogurt"", ""Flour"", ""Pasta"", ""Cabbage slaw"", ""Beef"", ""Salmon fillet""]","[""Gluten-Free""]",4.0,128,591,12,https://via.placeholder.com/150?text=Recipe+23,"Boil water in a pot and prepare any gluten-free grains or pasta. In a separate pan, cook vegetables and/or meat. Mix everything together in a large bowl. Add sauces or seasoning as desired. Serve immediately."
24,Delicious Recipe 24,"[""Salt"", ""Carrots"", ""Turkey"", ""Vanilla extract"", ""Chocolate chips""]","[""Vegetarian""]",3.4,72,440,62,https://via.placeholder.com/150?text=Recipe+24,"Wash and chop all vegetables. Heat oil in a pan over medium heat. Add the vegetables and sauté until tender. Season with salt, pepper, and any spices. Serve hot with your choice of side."
25,Delicious Recipe 25,"[""Cream"", ""Herbs"", ""Broccoli"", ""Avocado"", ""Salmon fillet"", ""Lime""]","[""Vegan""]",3.3,31,762,54,https://via.placeholder.com/150?text=Recipe+25,"Wash and chop all vegetables. Heat oil in a pan over medium heat. Add the vegetables and sauté until tender. Season with salt, pepper, and any spices. Serve hot with your choice of side."
26,Delicious Recipe 26,"[""Garlic"", ""Chicken breast"", ""Ginger"", ""Cherry tomatoes"", ""Pork"", ""Beef strips"", ""Soy sauce"", ""Butter"", ""Onion""]","[""Vegan""]",4.1,330,814,82,https://via.placeholder.com/150?text=Recipe+26,"Wash and chop all vegetables. Heat oil in a pan over medium heat. Add the vegetables and sauté until tender. Season with salt, pepper, and any spices. Serve hot with your choice of side."
27,Delicious Recipe 27,"[""Rice"", ""Tortillas"", ""Spinach"", ""Lemon"", ""Lime""]","[""Vegan"", ""Vegetarian""]",4.5,377,480,75,https://via.placeholder.com/150?text=Recipe+27,"Wash and chop all vegetables. Heat oil in a pan over medium heat. Add the vegetables and sauté until tender. Season with salt, pepper, and any spices. Serve hot with your choice of side."
28,Delicious Recipe 28,"[""Potato"", ""Bread"", ""Carrot"", ""Broccoli"", ""Cheese"", ""Vanilla extract"", ""Lime""]","[""Vegan""]",3.8,542,219,28,https://via.placeholder.com/150?text=Recipe+28,"Wash and chop all vegetables. Heat oil in a pan over medium heat. Add the vegetables and sauté until tender. Season with salt, pepper, and any spices. Serve hot with your choice of side."
29,Delicious Recipe 29,"[""Flour"", ""Dill"", ""Beef"", ""Soy sauce"", ""Salmon fillet"", ""Asparagus""]","[""Keto""]",4.6,792,240,73,https://via.placeholder.com/150?text=Recipe+29,Preheat oven to 375°F (190°C). Prepare ingredients by chopping and measuring them. Combine all ingredients in a mixing bowl. Transfer mixture to a baking dish or pan. Bake for 20-30 minutes until golden and cooked through.
30,Delicious Recipe 30,"[""Basil"", ""Onion"", ""Vanilla extract"", ""Pepper"", ""Sugar"", ""Butter"", ""Cheese""]","[""Keto"", ""Low-Carb""]",3.9,112,531,24,https://via.placeholder.com/150?text=Recipe+30,Preheat oven to 375°F (190°C). Prepare ingredients by chopping and measuring them. Combine all ingredients in a mixing bowl. Transfer mixture to a baking dish or pan. Bake for 20-30 minutes until golden and cooked through.
31,Delicious Recipe 31,"[""Lettuce"", ""Salmon fillet"", ""Butter"", ""Tomatoes"", ""Bread"", ""Chocolate chips"", ""Pepper"", ""Carrot""]","[""Gluten-Free"", ""Low-Carb""]",4.6,46,515,46,https://via.placeholder.com/150?text=Recipe+31,"Boil water in a pot and prepare any gluten-free grains or pasta. In a separate pan, cook vegetables and/or meat. Mix everything together in a large bowl. Add sauces or seasoning as desired. Serve immediately."
32,Delicious Recipe 32,"[""Carrot"", ""Avocado"", ""Chocolate chips"", ""Salmon fillet"", ""Asparagus"", ""Olive oil"", ""Garlic""]","[""Gluten-Free"", ""Vegetarian""]",3.4,226,662,88,https://via.placeholder.com/150?text=Recipe+32,"Wash and chop all vegetables. Heat oil in a pan over medium heat. Add the vegetables and sauté until tender. Season with salt, pepper, and any spices. Serve hot with your choice of side."
33,Delicious Recipe 33,"[""Garlic"", ""Cucumber"", ""Bell peppers"", ""Cucumber"", ""Bell Pepper""]","[""Low-Carb""]",3.4,927,525,87,https://via.placeholder.com/150?text=Recipe+33,Prepare all ingredients by washing and chopping. Cook meat or vegetables in a pan over medium heat. Add spices and seasonings to taste. Simmer until everything is cooked through. Plate and serve warm.
34,Delicious Recipe 34,"[""Cumin"", ""Zucchini"", ""Lettuce"", ""Soy sauce"", ""Beef"", ""Sugar"", ""Chicken"", ""Fish"", ""Bell Pepper""]","[""Keto"", ""Vegetarian""]",4.7,706,762,65,https://via.placeholder.com/150?text=Recipe+34,"Wash and chop all vegetables. Heat oil in a pan over medium heat. Add the vegetables and sauté until tender. Season with salt, pepper, and any spices. Serve hot with your choice of side."
35,Delicious Recipe 35,"[""Beef"", ""Ginger"", ""Tortillas"", ""Lettuce"", ""Fish"", ""Cabbage slaw"", ""Turkey"", ""White fish"", ""Rice""]","[""Vegetarian"", ""Non-Vegetarian""]",4.7,69,266,67,https://via.placeholder.com/150?text=Recipe+35,"Wash and chop all vegetables. Heat oil in a pan over medium heat. Add the vegetables and sauté until tender. Season with salt, pepper, and any spices. Serve hot with your choice of side."
36,Delicious Recipe 36,"[""Rice"", ""Cucumber"", ""Lamb"", ""Yogurt"", ""Onion""]","[""Vegetarian""]",3.6,766,467,20,https://via.placeholder.com/150?text=Recipe+36,"Wash and chop all vegetables. Heat oil in a pan over medium heat. Add the vegetables and sauté until tender. Season with salt, pepper, and any spices. Serve hot with your choice of side."
37,Delicious Recipe 37,"[""Lemon"", ""Butter"", ""Cucumber"", ""Garlic"", ""Pork"", ""Butter"", ""Pepper"", ""Egg"", ""Oregano"", ""Spinach""]","[""Low-Carb""]",4.1,550,754,72,https://via.placeholder.com/150?text=Recipe+37,Prepare all ingredients by washing and chopping. Cook meat or vegetables in a pan over medium heat. Add spices and seasonings to taste. Simmer until everything is cooked through. Plate and serve warm.
38,Delicious Recipe 38,"[""Cucumber"", ""Tomatoes"", ""Cheese"", ""Vanilla extract"", ""Lettuce"", ""Chicken breast"", ""Cabbage"", ""Zucchini"", ""Carrot""]","[""Vegan""]",4.3,262,849,43,https://via.placeholder.com/150?text=Recipe+38,"Wash and chop all vegetables. Heat oil in a pan over medium heat. Add the vegetables and sauté until tender. Season with salt, pepper, and any spices. Serve hot with your choice of side."
39,Delicious Recipe 39,"[""Lettuce"", ""Broccoli"", ""Soy sauce"", ""Chicken breast"", ""Cheese"", ""Tortillas"", ""Ginger""]","[""Keto""]",3.1,781,491,31,https://via.placeholder.com/150?text=Recipe+39,Preheat oven to 375°F (190°C). Prepare ingredients by chopping and measuring them. Combine all ingredients in a mixing bowl. Transfer mixture to a baking dish or pan. Bake for 20-30 minutes until golden and cooked through.
40,Delicious Recipe 40,"[""Cream"", ""Ginger"", ""Carrots"", ""Onion"", ""Bell Pepper"", ""Lamb"", ""Olive oil"", ""Cucumber""]","[""Keto""]",3.9,642,729,28,https://via.placeholder.com/150?text=Recipe+40,Preheat oven to 375°F (190°C). Prepare ingredients by chopping and measuring them. Combine all ingredients in a mixing bowl. Transfer mixture to a baking dish or pan. Bake for 20-30 minutes until golden and cooked through.
41,Delicious Recipe 41,"[""Carrots"", ""Mushrooms"", ""Onion"", ""Zucchini"", ""Beef strips"", ""Sugar"", ""Lemon""]","[""Keto"", ""Vegetarian""]",4.7,962,883,36,https://via.placeholder.com/150?text=Recipe+41,"Wash and chop all vegetables. Heat oil in a pan over medium heat. Add the vegetables and sauté until tender. Season with salt, pepper, and any spices. Serve hot with your choice of side."
42,Delicious Recipe 42,"[""Broccoli"", ""Cucumber"", ""Pork"", ""Pasta"", ""Onion"", ""Dill"", ""Salmon fillet"", ""Vanilla extract"", ""Paprika""]","[""Vegan"", ""Gluten-Free""]",4.4,54,387,26,https://via.placeholder.com/150?text=Recipe+42,"Wash and chop all vegetables. Heat oil in a pan over medium heat. Add the vegetables and sauté until tender. Season with salt, pepper, and any spices. Serve hot with your choice of side."
43,Delicious Recipe 43,"[""Avocado"", ""Asparagus"", ""Ginger"", ""Lemon"", ""Chicken"", ""Carrot"", ""Tomatoes""]","[""Vegetarian"", ""Vegan""]",3.2,98,235,74,https://via.placeholder.com/150?text=Recipe+43,"Wash and chop all vegetables. Heat oil in a pan over medium heat. Add the vegetables and sauté until tender. Season with salt, pepper, and any spices. Serve hot with your choice of side."
44,Delicious Recipe 44,"[""Salt"", ""Spinach"", ""Vanilla extract"", ""Carrot"", ""Ginger"", ""Cucumber"", ""Sugar"", ""Garlic"", ""Chicken"", ""Basil""]","[""Non-Vegetarian"", ""Vegan""]",4.7,105,823,16,https://via.placeholder.com/150?text=Recipe+44,"Wash and chop all vegetables. Heat oil in a pan over medium heat. Add the vegetables and sauté until tender. Season with salt, pepper, and any spices. Serve hot with your choice of side."
45,Delicious Recipe 45,"[""Asparagus"", ""White fish"", ""Cabbage"", ""Basil"", ""Chicken breast"", ""Carrot"", ""Chocolate chips"", ""Cucumber""]","[""Vegan"", ""Non-Vegetarian""]",4.1,401,717,30,https://via.placeholder.com/150?text=Recipe+45,"Wash and chop all vegetables. Heat oil in a pan over medium heat. Add the vegetables and sauté until tender. Season with salt, pepper, and any spices. Serve hot with your choice of side."
46,Delicious Recipe 46,"[""Beef strips"", ""Sugar"", ""Pepper"", ""Garlic"", ""Turkey"", ""Asparagus"", ""Parmesan"", ""Cherry tomatoes"", ""Tortillas"", ""Spinach""]","[""Non-Vegetarian"", ""Keto""]",4.5,846,742,14,https://via.placeholder.com/150?text=Recipe+46,Preheat oven to 375°F (190°C). Prepare ingredients by chopping and measuring them. Combine all ingredients in a mixing bowl. Transfer mixture to a baking dish or pan. Bake for 20-30 minutes until golden and cooked through.
47,Delicious Recipe 47,"[""Asparagus"", ""Lemon"", ""Cherry Tomatoes"", ""Dill"", ""Chicken"", ""Mushroom"", ""Lettuce"", ""Sugar"", ""Potato"", ""Olive oil""]","[""Vegan""]",4.2,542,415,35,https://via.placeholder.com/150?text=Recipe+47,"Wash and chop all vegetables. Heat oil in a pan over medium heat. Add the vegetables and sauté until tender. Season with salt, pepper, and any spices. Serve hot with your choice of side."
48,Delicious Recipe 48,"[""Milk"", ""Mushroom"", ""Avocado"", ""Dill"", ""Zucchini"", ""Butter"", ""Cream""]","[""Vegetarian""]",3.9,830,311,53,https://via.placeholder.com/150?text=Recipe+48,"Wash and chop all vegetables. Heat oil in a pan over medium heat. Add the vegetables and sauté until tender. Season with salt, pepper, and any spices. Serve hot with your choice of side."
49,Delicious Recipe 49,"[""Milk"", ""Fish"", ""Parmesan"", ""Flour"", ""Avocado"", ""Dill""]","[""Low-Carb""]",3.5,451,424,50,https://via.placeholder.com/150?text=Recipe+49,Prepare all ingredients by washing and chopping. Cook meat or vegetables in a pan over medium heat. Add spices and seasonings to taste. Simmer until everything is cooked through. Plate and serve warm.
50,Delicious Recipe 50,"[""Dill"", ""Broccoli"", ""Cumin"", ""Cheese"", ""Flour""]","[""Low-Carb"", ""Non-Vegetarian""]",3.9,665,373,23,https://via.placeholder.com/150?text=Recipe+50,Prepare all ingredients by washing and chopping. Cook meat or vegetables in a pan over medium heat. Add spices and seasonings to taste. Simmer until everything is cooked through. Plate and serve warm.
51,Delicious Recipe 51,"[""Beef"", ""Carrot"", ""Chocolate chips"", ""Potato"", ""Turkey"", ""Garlic"", ""Herbs""]","[""Keto"", ""Vegetarian""]",3.3,604,613,11,https://via.placeholder.com/150?text=Recipe+51,"Wash and chop all vegetables. Heat oil in a pan over medium heat. Add the vegetables and sauté until tender. Season with salt, pepper, and any spices. Serve hot with your choice of side."
52,Delicious Recipe 52,"[""Carrots"", ""Onion"", ""Chocolate chips"", ""Chicken breast"", ""Parmesan"", ""Milk"", ""Flour"", ""Lime"", ""Ginger"", ""Pork""]","[""Vegan""]",4.7,314,386,53,https://via.placeholder.com/150?text=Recipe+52,"Wash and chop all vegetables. Heat oil in a pan over medium heat. Add the vegetables and sauté until tender. Season with salt, pepper, and any spices. Serve hot with your choice of side."
53,Delicious Recipe 53,"[""Avocado"", ""Sugar"", ""Broccoli"", ""Egg"", ""Pork"", ""Chocolate chips"", ""Butter""]","[""Keto""]",4.7,378,888,26,https://via.placeholder.com/150?text=Recipe+53,Preheat oven to 375°F (190°C). Prepare ingredients by chopping and measuring them. Combine all ingredients in a mixing bowl. Transfer mixture to a baking dish or pan. Bake for 20-30 minutes until golden and cooked through.
54,Delicious Recipe 54,"[""Lamb"", ""Flour"", ""Cucumber"", ""Soy sauce"", ""Parmesan"", ""Paprika"", ""Butter"", ""Beef""]","[""Vegan"", ""Vegetarian""]",4.1,395,883,87,https://via.placeholder.com/150?text=Recipe+54,"Wash and chop all vegetables. Heat oil in a pan over medium heat. Add the vegetables and sauté until tender. Season with salt, pepper, and any spices. Serve hot with your choice of side."
55,Delicious Recipe 55,"[""Spinach"", ""Beef strips"", ""Chocolate chips"", ""Chicken breast"", ""Cream"", ""Dill"", ""Garlic"", ""Lime"", ""Oregano"", ""Mushrooms""]","[""Vegetarian""]",3.3,747,317,88,https://via.placeholder.com/150?text=Recipe+55,"Wash and chop all vegetables. Heat oil in a pan over medium heat. Add the vegetables and sauté until tender. Season with salt, pepper, and any spices. Serve hot with your choice of side."
56,Delicious Recipe 56,"[""Cucumber"", ""Bell peppers"", ""Lettuce"", ""Dill"", ""Cabbage slaw"", ""Potato"", ""Avocado"", ""Soy sauce""]","[""Gluten-Free""]",3.1,737,714,76,https://via.placeholder.com/150?text=Recipe+56,"Boil water in a pot and prepare any gluten-free grains or pasta. In a separate pan, cook vegetables and/or meat. Mix everything together in a large bowl. Add sauces or seasoning as desired. Serve immediately."
57,Delicious Recipe 57,"[""Pork"", ""Zucchini"", ""Lettuce"", ""Asparagus"", ""Oregano"", ""Flour""]","[""Vegetarian"", ""Gluten-Free""]",4.9,767,896,63,https://via.placeholder.com/150?text=Recipe+57,"Wash and chop all vegetables. Heat oil in a pan over medium heat. Add the vegetables and sauté until tender. Season with salt, pepper, and any spices. Serve hot with your choice of side."
58,Delicious Recipe 58,"[""Pepper"", ""Mushrooms"", ""Flour"", ""Salmon fillet"", ""Cucumber"", ""Chocolate chips"", ""Cherry tomatoes""]","[""Gluten-Free""]",3.8,103,592,52,https://via.placeholder.com/150?text=Recipe+58,"Boil water in a pot and prepare any gluten-free grains or pasta. In a separate pan, cook vegetables and/or meat. Mix everything together in a large bowl. Add sauces or seasoning as desired. Serve immediately."
59,Delicious Recipe 59,"[""Lettuce"", ""Pepper"", ""Basil"", ""Cabbage"", ""Herbs"", ""Lamb""]","[""Non-Vegetarian""]",4.6,359,203,37,https://via.placeholder.com/150?text=Recipe+59,Prepare all ingredients by washing and chopping. Cook meat or vegetables in a pan over medium heat. Add spices and seasonings to taste. Simmer until everything is cooked through. Plate and serve warm.
60,Delicious Recipe 60,"[""Beef"", ""Ginger"", ""Garlic"", ""Dill"", ""Herbs"", ""Cherry Tomatoes"", ""Cabbage"", ""Asparagus"", ""Bell peppers""]","[""Vegetarian"", ""Non-Vegetarian""]",4.2,897,207,74,https://via.placeholder.com/150?text=Recipe+60,"Wash and chop all vegetables. Heat oil in a pan over medium heat. Add the vegetables and sauté until tender. Season with salt, pepper, and any spices. Serve hot with your choice of side."
61,Delicious Recipe 61,"[""Mushrooms"", ""Broccoli"", ""Paprika"", ""Chocolate chips"", ""Butter"", ""Vanilla extract"", ""Cream"", ""Dill"", ""Sugar""]","[""Keto""]",4.9,49,620,77,https://via.placeholder.com/150?text=Recipe+61,Preheat oven to 375°F (190°C). Prepare ingredients by chopping and measuring them. Combine all ingredients in a mixing bowl. Transfer mixture to a baking dish or pan. Bake for 20-30 minutes until golden and cooked through.
62,Delicious Recipe 62,"[""Bread"", ""Dill"", ""Soy sauce"", ""Bell peppers"", ""Ginger"", ""Parmesan"", ""Milk"", ""Broccoli""]","[""Low-Carb""]",3.7,579,276,58,https://via.placeholder.com/150?text=Recipe+62,Prepare all ingredients by washing and chopping. Cook meat or vegetables in a pan over medium heat. Add spices and seasonings to taste. Simmer until everything is cooked through. Plate and serve warm.
63,Delicious Recipe 63,"[""Zucchini"", ""Salmon fillet"", ""Zucchini"", ""Tomato"", ""Cabbage slaw"", ""Pork"", ""Carrots"", ""Olive oil"", ""Cream"", ""Salt""]","[""Vegan"", ""Vegetarian""]",5.0,41,627,13,https://via.placeholder.com/150?text=Recipe+63,"Wash and chop all vegetables. Heat oil in a pan over medium heat. Add the vegetables and sauté until tender. Season with salt, pepper, and any spices. Serve hot with your choice of side."
64,Delicious Recipe 64,"[""Parmesan"", ""Rice"", ""Cream"", ""Vanilla extract"", ""Olive oil""]","[""Vegetarian"", ""Low-Carb""]",4.7,136,548,89,https://via.placeholder.com/150?text=Recipe+64,"Wash and chop all vegetables. Heat oil in a pan over medium heat. Add the vegetables and sauté until tender. Season with salt, pepper, and any spices. Serve hot with your choice of side."
65,Delicious Recipe 65,"[""Cabbage slaw"", ""Onion"", ""Garlic"", ""Garlic"", ""Olive oil""]","[""Vegetarian"", ""Non-Vegetarian""]",3.6,220,816,14,https://via.placeholder.com/150?text=Recipe+65,"Wash and chop all vegetables. Heat oil in a pan over medium heat. Add the vegetables and sauté until tender. Season with salt, pepper, and any spices. Serve hot with your choice of side."
66,Delicious Recipe 66,"[""Cream"", ""Chicken breast"", ""Bell peppers"", ""Butter"", ""Beef""]","[""Non-Vegetarian""]",4.0,77,536,21,https://via.placeholder.com/150?text=Recipe+66,Prepare all ingredients by washing and chopping. Cook meat or vegetables in a pan over medium heat. Add spices and seasonings to taste. Simmer until everything is cooked through. Plate and serve warm.
67,Delicious Recipe 67,"[""Lemon"", ""Dill"", ""Dill"", ""Oregano"", ""Flour"", ""Flour"", ""Lamb"", ""Pasta"", ""Cheese"", ""Ginger""]","[""Keto"", ""Low-Carb""]",3.8,62,597,12,https://via.placeholder.com/150?text=Recipe+67,Preheat oven to 375°F (190°C). Prepare ingredients by chopping and measuring them. Combine all ingredients in a mixing bowl. Transfer mixture to a baking dish or pan. Bake for 20-30 minutes until golden and cooked through.
68,Delicious Recipe 68,"[""Herbs"", ""Chicken"", ""Butter"", ""Onion"", ""Egg"", ""Cabbage"", ""Cucumber"", ""Asparagus"", ""Olive oil""]","[""Vegan"", ""Keto""]",3.4,290,286,89,https://via.placeholder.com/150?text=Recipe+68,"Wash and chop all vegetables. Heat oil in a pan over medium heat. Add the vegetables and sauté until tender. Season with salt, pepper, and any spices. Serve hot with your choice of side."
69,Delicious Recipe 69,"[""Lemon"", ""Olive oil"", ""Spinach"", ""Butter"", ""Pasta"", ""Butter"", ""Basil""]","[""Vegetarian"", ""Vegan""]",3.9,647,377,52,https://via.placeholder.com/150?text=Recipe+69,"Wash and chop all vegetables. Heat oil in a pan over medium heat. Add the vegetables and sauté until tender. Season with salt, pepper, and any spices. Serve hot with your choice of side."
70,Delicious Recipe 70,"[""Tomatoes"", ""Lime"", ""Tomato"", ""Salmon fillet"", ""Garlic""]","[""Gluten-Free"", ""Vegetarian""]",4.2,36,352,59,https://via.placeholder.com/150?text=Recipe+70,"Wash and chop all vegetables. Heat oil in a pan over medium heat. Add the vegetables and sauté until tender. Season with salt, pepper, and any spices. Serve hot with your choice of side."
71,Delicious Recipe 71,"[""Soy sauce"", ""Lettuce"", ""Carrots"", ""Dill"", ""Tomato""]","[""Non-Vegetarian"", ""Keto""]",3.8,834,834,72,https://via.placeholder.com/150?text=Recipe+71,Preheat oven to 375°F (190°C). Prepare ingredients by chopping and measuring them. Combine all ingredients in a mixing bowl. Transfer mixture to a baking dish or pan. Bake for 20-30 minutes until golden and cooked through.
72,Delicious Recipe 72,"[""Cream"", ""Chicken"", ""Sugar"", ""Ginger"", ""Butter"", ""Cream"", ""Carrots"", ""Cabbage slaw"", ""Dill"", ""Pasta""]","[""Non-Vegetarian"", ""Vegan""]",4.3,480,501,29,https://via.placeholder.com/150?text=Recipe+72,"Wash and chop all vegetables. Heat oil in a pan over medium heat. Add the vegetables and sauté until tender. Season with salt, pepper, and any spices. Serve hot with your choice of side."
73,Delicious Recipe 73,"[""Salmon fillet"", ""Asparagus"", ""Zucchini"", ""Pasta"", ""Asparagus"", ""Garlic""]","[""Vegan"", ""Non-Vegetarian""]",3.3,727,764,55,https://via.placeholder.com/150?text=Recipe+73,"Wash and chop all vegetables. Heat oil in a pan over medium heat. Add the vegetables and sauté until tender. Season with salt, pepper, and any spices. Serve hot with your choice of side."
74,Delicious Recipe 74,"[""Potato"", ""Soy sauce"", ""Lettuce"", ""Lettuce"", ""Pepper"", ""Garlic"", ""Butter"", ""Garlic"", ""Butter"", ""Tomato""]","[""Vegetarian""]",3.7,847,569,40,https://via.placeholder.com/150?text=Recipe+74,"Wash and chop all vegetables. Heat oil in a pan over medium heat. Add the vegetables and sauté until tender. Season with salt, pepper, and any spices. Serve hot with your choice of side."
75,Delicious Recipe 75,"[""Chocolate chips"", ""Bell peppers"", ""Beef"", ""Lettuce"", ""Lamb"", ""Cabbage slaw""]","[""Vegan"", ""Low-Carb""]",3.8,686,488,39,https://via.placeholder.com/150?text=Recipe+75,"Wash and chop all vegetables. Heat oil in a pan over medium heat. Add the vegetables and sauté until tender. Season with salt, pepper, and any spices. Serve hot with your choice of side."
76,Delicious Recipe 76,"[""Soy sauce"", ""Cream"", ""Mushrooms"", ""Cherry Tomatoes"", ""Broccoli""]","[""Vegan"", ""Low-Carb""]",4.2,29,588,25,https://via.placeholder.com/150?text=Recipe+76,"Wash and chop all vegetables. Heat oil in a pan over medium heat. Add the vegetables and sauté until tender. Season with salt, pepper, and any spices. Serve hot with your choice of side."
77,Delicious Recipe 77,"[""Turkey"", ""Egg"", ""Flour"", ""Basil"", ""Beef strips"", ""Ginger"", ""Mushrooms"", ""Spinach"", ""Salt"", ""Bread""]","[""Low-Carb""]",3.4,864,241,90,https://via.placeholder.com/150?text=Recipe+77,Prepare all ingredients by washing and chopping. Cook meat or vegetables in a pan over medium heat. Add spices and seasonings to taste. Simmer until everything is cooked through. Plate and serve warm.
78,Delicious Recipe 78,"[""Milk"", ""Fish"", ""Carrots"", ""Olive oil"", ""Cherry tomatoes"", ""Beef strips"", ""Chicken""]","[""Non-Vegetarian""]",4.6,973,427,76,https://via.placeholder.com/150?text=Recipe+78,Prepare all ingredients by washing and chopping. Cook meat or vegetables in a pan over medium heat. Add spices and seasonings to taste. Simmer until everything is cooked through. Plate and serve warm.
79,Delicious Recipe 79,"[""Lime"", ""Zucchini"", ""Bread"", ""Spinach"", ""Cream"", ""Herbs"", ""Milk""]","[""Low-Carb"", ""Non-Vegetarian""]",3.0,69,507,43,https://via.placeholder.com/150?text=Recipe+79,Prepare all ingredients by washing and chopping. Cook meat or vegetables in a pan over medium heat. Add spices and seasonings to taste. Simmer until everything is cooked through. Plate and serve warm.
80,Delicious Recipe 80,"[""Oregano"", ""Spinach"", ""Bell Pepper"", ""Lettuce"", ""Carrots"", ""Cherry Tomatoes"", ""Basil"", ""Chocolate chips""]","[""Keto""]",3.2,570,388,82,https://via.placeholder.com/150?text=Recipe+80,Preheat oven to 375°F (190°C). Prepare ingredients by chopping and measuring them. Combine all ingredients in a mixing bowl. Transfer mixture to a baking dish or pan. Bake for 20-30 minutes until golden and cooked through.
81,Delicious Recipe 81,"[""Potato"", ""Tortillas"", ""Onion"", ""Soy sauce"", ""Asparagus"", ""Pasta"", ""Egg"", ""Broccoli"", ""Lettuce"", ""Chocolate chips""]","[""Gluten-Free""]",3.3,85,797,11,https://via.placeholder.com/150?text=Recipe+81,"Boil water in a pot and prepare any gluten-free grains or pasta. In a separate pan, cook vegetables and/or meat. Mix everything together in a large bowl. Add sauces or seasoning as desired. Serve immediately."
82,Delicious Recipe 82,"[""Soy sauce"", ""Chicken"", ""Lemon"", ""Dill"", ""Beef"", ""Basil"", ""Fish"", ""Mushrooms"", ""Soy sauce""]","[""Vegetarian""]",3.8,963,524,78,https://via.placeholder.com/150?text=Recipe+82,"Wash and chop all vegetables. Heat oil in a pan over medium heat. Add the vegetables and sauté until tender. Season with salt, pepper, and any spices. Serve hot with your choice of side."
83,Delicious Recipe 83,"[""Cherry Tomatoes"", ""Cheese"", ""Garlic"", ""White fish"", ""Parmesan"", ""Chicken"", ""Flour""]","[""Low-Carb"", ""Vegetarian""]",3.3,33,425,35,https://via.placeholder.com/150?text=Recipe+83,"Wash and chop all vegetables. Heat oil in a pan over medium heat. Add the vegetables and sauté until tender. Season with salt, pepper, and any spices. Serve hot with your choice of side."
84,Delicious Recipe 84,"[""Cream"", ""Ginger"", ""Onion"", ""White fish"", ""Rice"", ""Flour"", ""Zucchini"", ""Pasta"", ""Cherry tomatoes""]","[""Gluten-Free"", ""Vegan""]",3.1,131,623,86,https://via.placeholder.com/150?text=Recipe+84,"Wash and chop all vegetables. Heat oil in a pan over medium heat. Add the vegetables and sauté until tender. Season with salt, pepper, and any spices. Serve hot with your choice of side."
85,Delicious Recipe 85,"[""Cucumber"", ""Lettuce"", ""Bell peppers"", ""Vanilla extract"", ""Soy sauce"", ""Salmon fillet"", ""Sugar"", ""Cabbage slaw"", ""Cherry Tomatoes"", ""Cabbage""]","[""Keto"", ""Vegan""]",3.7,256,237,61,https://via.placeholder.com/150?text=Recipe+85,"Wash and chop all vegetables. Heat oil in a pan over medium heat. Add the vegetables and sauté until tender. Season with salt, pepper, and any spices. Serve hot with your choice of side."
86,Delicious Recipe 86,"[""Tomatoes"", ""Ginger"", ""Pepper"", ""Paprika"", ""Butter"", ""Cabbage slaw""]","[""Gluten-Free"", ""Non-Vegetarian""]",4.3,290,481,36,https://via.placeholder.com/150?text=Recipe+86,"Boil water in a pot and prepare any gluten-free grains or pasta. In a separate pan, cook vegetables and/or meat. Mix everything together in a large bowl. Add sauces or seasoning as desired. Serve immediately."
87,Delicious Recipe 87,"[""Cherry tomatoes"", ""Broccoli"", ""Beef strips"", ""Broccoli"", ""Lemon"", ""Bell peppers"", ""Tomatoes"", ""Potato""]","[""Gluten-Free""]",3.6,217,217,66,https://via.placeholder.com/150?text=Recipe+87,"Boil water in a pot and prepare any gluten-free grains or pasta. In a separate pan, cook vegetables and/or meat. Mix everything together in a large bowl. Add sauces or seasoning as desired. Serve immediately."
88,Delicious Recipe 88,"[""White fish"", ""Pork"", ""Cheese"", ""Flour"", ""Cumin"", ""Salmon fillet""]","[""Low-Carb"", ""Vegan""]",3.4,100,792,45,https://via.placeholder.com/150?text=Recipe+88,"Wash and chop all vegetables. Heat oil in a pan over medium heat. Add the vegetables and sauté until tender. Season with salt, pepper, and any spices. Serve hot with your choice of side."
89,Delicious Recipe 89,"[""Asparagus"", ""Rice"", ""Asparagus"", ""Onion"", ""Olive oil"", ""Beef"", ""Herbs"", ""Chicken breast""]","[""Gluten-Free"", ""Non-Vegetarian""]",4.0,607,555,59,https://via.placeholder.com/150?text=Recipe+89,"Boil water in a pot and prepare any gluten-free grains or pasta. In a separate pan, cook vegetables and/or meat. Mix everything together in a large bowl. Add sauces or seasoning as desired. Serve immediately."
90,Delicious Recipe 90,"[""Fish"", ""Tortillas"", ""Lettuce"", ""Carrots"", ""Broccoli"", ""Mushroom"", ""Rice"", ""Pepper"", ""White fish""]","[""Vegan"", ""Non-Vegetarian""]",4.3,558,777,85,https://via.placeholder.com/150?text=Recipe+90,"Wash and chop all vegetables. Heat oil in a pan over medium heat. Add the vegetables and sauté until tender. Season with salt, pepper, and any spices. Serve hot with your choice of side."
91,Delicious Recipe 91,"[""Olive oil"", ""Chicken"", ""Turkey"", ""Lamb"", ""Mushroom"", ""Potato"", ""Cabbage slaw""]","[""Vegetarian""]",4.4,324,662,41,https://via.placeholder.com/150?text=Recipe+91,"Wash and chop all vegetables. Heat oil in a pan over medium heat. Add the vegetables and sauté until tender. Season with salt, pepper, and any spices. Serve hot with your choice of side."
92,Delicious Recipe 92,"[""Butter"", ""Sugar"", ""Cumin"", ""Lettuce"", ""Mushrooms"", ""Chicken breast"", ""Chocolate chips"", ""Carrots"", ""Asparagus""]","[""Keto"", ""Non-Vegetarian""]",3.6,594,284,36,https://via.placeholder.com/150?text=Recipe+92,Preheat oven to 375°F (190°C). Prepare ingredients by chopping and measuring them. Combine all ingredients in a mixing bowl. Transfer mixture to a baking dish or pan. Bake for 20-30 minutes until golden and cooked through.
93,Delicious Recipe 93,"[""Avocado"", ""Potato"", ""White fish"", ""Lettuce"", ""Beef strips"", ""Dill"", ""Tomato""]","[""Gluten-Free""]",4.9,649,208,36,https://via.placeholder.com/150?text=Recipe+93,"Boil water in a pot and prepare any gluten-free grains or pasta. In a separate pan, cook vegetables and/or meat. Mix everything together in a large bowl. Add sauces or seasoning as desired. Serve immediately."
94,Delicious Recipe 94,"[""Dill"", ""Bread"", ""Cumin"", ""Cabbage slaw"", ""Cheese"", ""Onion""]","[""Non-Vegetarian""]",3.3,452,221,88,https://via.placeholder.com/150?text=Recipe+94,Prepare all ingredients by washing and chopping. Cook meat or vegetables in a pan over medium heat. Add spices and seasonings to taste. Simmer until everything is cooked through. Plate and serve warm.
95,Delicious Recipe 95,"[""Beef strips"", ""Olive oil"", ""Chocolate chips"", ""Ginger"", ""Chicken"", ""Flour"", ""Dill""]","[""Low-Carb""]",3.5,341,442,78,https://via.placeholder.com/150?text=Recipe+95,Prepare all ingredients by washing and chopping. Cook meat or vegetables in a pan over medium heat. Add spices and seasonings to taste. Simmer until everything is cooked through. Plate and serve warm.
96,Delicious Recipe 96,"[""Cabbage"", ""Rice"", ""Sugar"", ""Basil"", ""Lime"", ""Sugar""]","[""Gluten-Free""]",3.4,950,536,52,https://via.placeholder.com/150?text=Recipe+96,"Boil water in a pot and prepare any gluten-free grains or pasta. In a separate pan, cook vegetables and/or meat. Mix everything together in a large bowl. Add sauces or seasoning as desired. Serve immediately."
97,Delicious Recipe 97,"[""Ginger"", ""Fish"", ""Pasta"", ""Milk"", ""Herbs"", ""Broccoli"", ""Bell peppers"", ""Chicken"", ""Garlic""]","[""Low-Carb""]",4.3,297,719,69,https://via.placeholder.com/150?text=Recipe+97,Prepare all ingredients by washing and chopping. Cook meat or vegetables in a pan over medium heat. Add spices and seasonings to taste. Simmer until everything is cooked through. Plate and serve warm.
98,Delicious Recipe 98,"[""Salt"", ""Lettuce"", ""Cherry tomatoes"", ""Spinach"", ""Carrot"", ""Potato"", ""Tomatoes""]","[""Non-Vegetarian""]",4.2,179,776,76,https://via.placeholder.com/150?text=Recipe+98,Prepare all ingredients by washing and chopping. Cook meat or vegetables in a pan over medium heat. Add spices and seasonings to taste. Simmer until everything is cooked through. Plate and serve warm.
99,Delicious Recipe 99,"[""Cheese"", ""Parmesan"", ""Vanilla extract"", ""Lettuce"", ""Lamb"", ""Flour""]","[""Low-Carb""]",3.5,252,603,58,https://via.placeholder.com/150?text=Recipe+99,Prepare all ingredients by washing and chopping. Cook meat or vegetables in a pan over medium heat. Add spices and seasonings to taste. Simmer until everything is cooked through. Plate and serve warm.
100,Delicious Recipe 100,"[""Butter"", ""Sugar"", ""Cucumber"", ""Paprika"", ""Cream""]","[""Low-Carb""]",3.2,473,362,51,https://via.placeholder.com/150?text=Recipe+100,Prepare all ingredients by washing and chopping. Cook meat or vegetables in a pan over medium heat. Add spices and seasonings to taste. Simmer until everything is cooked through. Plate and serve warm.
101,Delicious Recipe 101,"[""Beef"", ""Cherry tomatoes"", ""Cucumber"", ""Salmon fillet"", ""Parmesan"", ""Tomatoes""]","[""Vegetarian"", ""Vegan""]",3.7,510,710,11,https://via.placeholder.com/150?text=Recipe+101,"Wash and chop all vegetables. Heat oil in a pan over medium heat. Add the vegetables and sauté until tender. Season with salt, pepper, and any spices. Serve hot with your choice of side."
102,Delicious Recipe 102,"[""Garlic"", ""Mushrooms"", ""Herbs"", ""Soy sauce"", ""Oregano"", ""Lemon"", ""Spinach"", ""Lamb"", ""Cream""]","[""Gluten-Free"", ""Vegan""]",3.9,241,731,28,https://via.placeholder.com/150?text=Recipe+102,"Wash and chop all vegetables. Heat oil in a pan over medium heat. Add the vegetables and sauté until tender. Season with salt, pepper, and any spices. Serve hot with your choice of side."
103,Delicious Recipe 103,"[""Lime"", ""Vanilla extract"", ""Cherry tomatoes"", ""Cabbage slaw"", ""Salmon fillet"", ""Cherry Tomatoes"", ""Mushrooms"", ""Onion""]","[""Low-Carb""]",4.6,844,368,66,https://via.placeholder.com/150?text=Recipe+103,Prepare all ingredients by washing and chopping. Cook meat or vegetables in a pan over medium heat. Add spices and seasonings to taste. Simmer until everything is cooked through. Plate and serve warm.
104,Delicious Recipe 104,"[""Garlic"", ""Oregano"", ""Paprika"", ""Milk"", ""Cherry Tomatoes"", ""Mushrooms"", ""Cucumber"", ""Cherry tomatoes""]","[""Low-Carb"", ""Vegetarian""]",3.7,589,372,55,https://via.placeholder.com/150?text=Recipe+104,"Wash and chop all vegetables. Heat oil in a pan over medium heat. Add the vegetables and sauté until tender. Season with salt, pepper, and any spices. Serve hot with your choice of side."
105,Delicious Recipe 105,"[""Ginger"", ""Parmesan"", ""Ginger"", ""Milk"", ""Mushroom"", ""Broccoli""]","[""Vegan"", ""Gluten-Free""]",4.1,625,211,37,https://via.placeholder.com/150?text=Recipe+105,"Wash and chop all vegetables. Heat oil in a pan over medium heat. Add the vegetables and sauté until tender. Season with salt, pepper, and any spices. Serve hot with your choice of side."
106,Delicious Recipe 106,"[""Zucchini"", ""White fish"", ""Lime"", ""Asparagus"", ""Chocolate chips"", ""Cream"", ""Yogurt"", ""Chicken breast"", ""Ginger""]","[""Non-Vegetarian""]",4.5,389,444,30,https://via.placeholder.com/150?text=Recipe+106,Prepare all ingredients by washing and chopping. Cook meat or vegetables in a pan over medium heat. Add spices and seasonings to taste. Simmer until everything is cooked through. Plate and serve warm.
107,Delicious Recipe 107,"[""Beef"", ""Tortillas"", ""Chocolate chips"", ""Vanilla extract"", ""White fish""]","[""Keto""]",4.7,114,525,90,https://via.placeholder.com/150?text=Recipe+107,Preheat oven to 375°F (190°C). Prepare ingredients by chopping and measuring them. Combine all ingredients in a mixing bowl. Transfer mixture to a baking dish or pan. Bake for 20-30 minutes until golden and cooked through.
108,Delicious Recipe 108,"[""Cucumber"", ""Garlic"", ""Basil"", ""Dill"", ""Cream"", ""Oregano"", ""Lettuce"", ""Cherry tomatoes""]","[""Gluten-Free""]",3.4,980,718,40,https://via.placeholder.com/150?text=Recipe+108,"Boil water in a pot and prepare any gluten-free grains or pasta. In a separate pan, cook vegetables and/or meat. Mix everything together in a large bowl. Add sauces or seasoning as desired. Serve immediately."
109,Delicious Recipe 109,"[""Pork"", ""Pepper"", ""Rice"", ""Carrots"", ""Mushrooms"", ""Salmon fillet"", ""Soy sauce"", ""Potato""]","[""Low-Carb""]",4.9,565,672,63,https://via.placeholder.com/150?text=Recipe+109,Prepare all ingredients by washing and chopping. Cook meat or vegetables in a pan over medium heat. Add spices and seasonings to taste. Simmer until everything is cooked through. Plate and serve warm.
110,Delicious Recipe 110,"[""Bell Pepper"", ""Oregano"", ""White fish"", ""Tortillas"", ""Chicken"", ""Sugar"", ""Tortillas""]","[""Low-Carb""]",4.1,888,742,88,https://via.placeholder.com/150?text=Recipe+110,Prepare all ingredients by washing and chopping. Cook meat or vegetables in a pan over medium heat. Add spices and seasonings to taste. Simmer until everything is cooked through. Plate and serve warm.
111,Delicious Recipe 111,"[""Chocolate chips"", ""Soy sauce"", ""Avocado"", ""Ginger"", ""Tomato"", ""Milk""]","[""Non-Vegetarian"", ""Keto""]",4.9,914,720,27,https://via.placeholder.com/150?text=Recipe+111,Preheat oven to 375°F (190°C). Prepare ingredients by chopping and measuring them. Combine all ingredients in a mixing bowl. Transfer mixture to a baking dish or pan. Bake for 20-30 minutes until golden and cooked through.
112,Delicious Recipe 112,"[""Salmon fillet"", ""Cumin"", ""Fish"", ""Lemon"", ""Yogurt"", ""Avocado"", ""Dill"", ""Dill""]","[""Keto""]",5.0,74,618,79,https://via.placeholder.com/150?text=Recipe+112,Preheat oven to 375°F (190°C). Prepare ingredients by chopping and measuring them. Combine all ingredients in a mixing bowl. Transfer mixture to a baking dish or pan. Bake for 20-30 minutes until golden and cooked through.
113,Delicious Recipe 113,"[""Herbs"", ""Asparagus"", ""Lettuce"", ""Cream"", ""Butter"", ""Dill""]","[""Keto"", ""Vegetarian""]",4.5,430,552,13,https://via.placeholder.com/150?text=Recipe+113,"Wash and chop all vegetables. Heat oil in a pan over medium heat. Add the vegetables and sauté until tender. Season with salt, pepper, and any spices. Serve hot with your choice of side."
114,Delicious Recipe 114,"[""Cucumber"", ""Chocolate chips"", ""White fish"", ""Ginger"", ""Butter"", ""Pork"", ""Avocado"", ""Onion"", ""Cherry Tomatoes""]","[""Vegetarian"", ""Vegan""]",4.4,88,289,83,https://via.placeholder.com/150?text=Recipe+114,"Wash and chop all vegetables. Heat oil in a pan over medium heat. Add the vegetables and sauté until tender. Season with salt, pepper, and any spices. Serve hot with your choice of side."
115,Delicious Recipe 115,"[""Paprika"", ""Salmon fillet"", ""Bread"", ""Broccoli"", ""Lemon"", ""Fish""]","[""Vegetarian""]",3.1,263,858,64,https://via.placeholder.com/150?text=Recipe+115,"Wash and chop all vegetables. Heat oil in a pan over medium heat. Add the vegetables and sauté until tender. Season with salt, pepper, and any spices. Serve hot with your choice of side."
116,Delicious Recipe 116,"[""Oregano"", ""Potato"", ""Tomatoes"", ""Onion"", ""Cucumber"", ""Milk"", ""Sugar"", ""Carrots"", ""Egg""]","[""Low-Carb"", ""Vegetarian""]",3.4,323,362,52,https://via.placeholder.com/150?text=Recipe+116,"Wash and chop all vegetables. Heat oil in a pan over medium heat. Add the vegetables and sauté until tender. Season with salt, pepper, and any spices. Serve hot with your choice of side."
117,Delicious Recipe 117,"[""Chocolate chips"", ""Beef strips"", ""Chocolate chips"", ""Olive oil"", ""Onion"", ""Zucchini""]","[""Vegan"", ""Gluten-Free""]",3.9,631,667,49,https://via.placeholder.com/150?text=Recipe+117,"Wash and chop all vegetables. Heat oil in a pan over medium heat. Add the vegetables and sauté until tender. Season with salt, pepper, and any spices. Serve hot with your choice of side."
118,Delicious Recipe 118,"[""Lettuce"", ""Butter"", ""Turkey"", ""Tomatoes"", ""Asparagus""]","[""Low-Carb"", ""Non-Vegetarian""]",3.8,729,403,38,https://via.placeholder.com/150?text=Recipe+118,Prepare all ingredients by washing and chopping. Cook meat or vegetables in a pan over medium heat. Add spices and seasonings to taste. Simmer until everything is cooked through. Plate and serve warm.
119,Delicious Recipe 119,"[""Cherry tomatoes"", ""Pasta"", ""Cucumber"", ""Cream"", ""Asparagus"", ""Sugar"", ""Parmesan"", ""Broccoli"", ""Butter""]","[""Keto"", ""Gluten-Free""]",3.4,553,344,87,https://via.placeholder.com/150?text=Recipe+119,Preheat oven to 375°F (190°C). Prepare ingredients by chopping and measuring them. Combine all ingredients in a mixing bowl. Transfer mixture to a baking dish or pan. Bake for 20-30 minutes until golden and cooked through.
120,Delicious Recipe 120,"[""Cherry tomatoes"", ""Olive oil"", ""Vanilla extract"", ""Butter"", ""Zucchini""]","[""Gluten-Free""]",3.9,427,351,67,https://via.placeholder.com/150?text=Recipe+120,"Boil water in a pot and prepare any gluten-free grains or pasta. In a separate pan, cook vegetables and/or meat. Mix everything together in a large bowl. Add sauces or seasoning as desired. Serve immediately."
121,Delicious Recipe 121,"[""Chocolate chips"", ""Turkey"", ""Cumin"", ""Tortillas"", ""Parmesan"", ""Carrot""]","[""Low-Carb"", ""Non-Vegetarian""]",5.0,151,480,17,https://via.placeholder.com/150?text=Recipe+121,Prepare all ingredients by washing and chopping. Cook meat or vegetables in a pan over medium heat. Add spices and seasonings to taste. Simmer until everything is cooked through. Plate and serve warm.
122,Delicious Recipe 122,"[""Tortillas"", ""Herbs"", ""Chocolate chips"", ""Mushroom"", ""Butter""]","[""Vegetarian""]",4.2,656,517,58,https://via.placeholder.com/150?text=Recipe+122,"Wash and chop all vegetables. Heat oil in a pan over medium heat. Add the vegetables and sauté until tender. Season with salt, pepper, and any spices. Serve hot with your choice of side."
123,Delicious Recipe 123,"[""Cumin"", ""Broccoli"", ""Egg"", ""Zucchini"", ""Lamb""]","[""Non-Vegetarian""]",4.5,434,849,60,https://via.placeholder.com/150?text=Recipe+123,Prepare all ingredients by washing and chopping. Cook meat or vegetables in a pan over medium heat. Add spices and seasonings to taste. Simmer until everything is cooked through. Plate and serve warm.
124,Delicious Recipe 124,"[""Mushrooms"", ""Paprika"", ""Vanilla extract"", ""Tortillas"", ""Potato""]","[""Vegetarian""]",3.5,937,762,63,https://via.placeholder.com/150?text=Recipe+124,"Wash and chop all vegetables. Heat oil in a pan over medium heat. Add the vegetables and sauté until tender. Season with salt, pepper, and any spices. Serve hot with your choice of side."
125,Delicious Recipe 125,"[""Sugar"", ""Lettuce"", ""Ginger"", ""Asparagus"", ""Olive oil"", ""Salt"", ""Garlic"", ""Cherry Tomatoes"", ""Cabbage slaw"", ""Tomato""]","[""Vegan""]",4.7,163,271,67,https://via.placeholder.com/150?text=Recipe+125,"Wash and chop all vegetables. Heat oil in a pan over medium heat. Add the vegetables and sauté until tender. Season with salt, pepper, and any spices. Serve hot with your choice of side."
126,Delicious Recipe 126,"[""Cucumber"", ""Salmon fillet"", ""Bell Pepper"", ""Mushrooms"", ""Chicken breast"", ""Chocolate chips"", ""Cream""]","[""Keto"", ""Non-Vegetarian""]",3.9,912,808,26,https://via.placeholder.com/150?text=Recipe+126,Preheat oven to 375°F (190°C). Prepare ingredients by chopping and measuring them. Combine all ingredients in a mixing bowl. Transfer mixture to a baking dish or pan. Bake for 20-30 minutes until golden and cooked through.
127,Delicious Recipe 127,"[""Carrot"", ""Butter"", ""Lime"", ""Cream"", ""Ginger"", ""Potato"", ""Tomato"", ""Beef strips""]","[""Keto""]",5.0,536,889,27,https://via.placeholder.com/150?text=Recipe+127,Preheat oven to 375°F (190°C). Prepare ingredients by chopping and measuring them. Combine all ingredients in a mixing bowl. Transfer mixture to a baking dish or pan. Bake for 20-30 minutes until golden and cooked through.
128,Delicious Recipe 128,"[""Lime"", ""Carrots"", ""Cherry tomatoes"", ""Mushroom"", ""Lettuce"", ""Mushrooms"", ""Salmon fillet"", ""Chicken breast"", ""Pork""]","[""Vegetarian""]",4.1,280,433,13,https://via.placeholder.com/150?text=Recipe+128,"Wash and chop all vegetables. Heat oil in a pan over medium heat. Add the vegetables and sauté until tender. Season with salt, pepper, and any spices. Serve hot with your choice of side."
129,Delicious Recipe 129,"[""Garlic"", ""Flour"", ""Cream"", ""Lamb"", ""Flour"", ""Mushroom"", ""Lettuce"", ""Cabbage slaw""]","[""Non-Vegetarian"", ""Gluten-Free""]",4.9,34,404,60,https://via.placeholder.com/150?text=Recipe+129,"Boil water in a pot and prepare any gluten-free grains or pasta. In a separate pan, cook vegetables and/or meat. Mix everything together in a large bowl. Add sauces or seasoning as desired. Serve immediately."
130,Delicious Recipe 130,"[""Cucumber"", ""Tomato"", ""Dill"", ""Tomatoes"", ""Lemon"", ""Cream"", ""Lettuce"", ""Chicken"", ""Chocolate chips"", ""Cumin""]","[""Low-Carb""]",4.1,303,627,32,https://via.placeholder.com/150?text=Recipe+130,Prepare all ingredients by washing and chopping. Cook meat or vegetables in a pan over medium heat. Add spices and seasonings to taste. Simmer until everything is cooked through. Plate and serve warm.
131,Delicious Recipe 131,"[""Lime"", ""Soy sauce"", ""Butter"", ""Cabbage slaw"", ""Sugar"", ""White fish"", ""Carrot"", ""Broccoli"", ""Zucchini"", ""Asparagus""]","[""Keto"", ""Gluten-Free""]",3.9,355,285,61,https://via.placeholder.com/150?text=Recipe+131,Preheat oven to 375°F (190°C). Prepare ingredients by chopping and measuring them. Combine all ingredients in a mixing bowl. Transfer mixture to a baking dish or pan. Bake for 20-30 minutes until golden and cooked through.
132,Delicious Recipe 132,"[""Carrots"", ""Cabbage"", ""Milk"", ""Bell peppers"", ""Cherry Tomatoes"", ""Salmon fillet"", ""Chicken"", ""Bread"", ""Herbs"", ""Tomato""]","[""Gluten-Free""]",4.2,664,812,14,https://via.placeholder.com/150?text=Recipe+132,"Boil water in a pot and prepare any gluten-free grains or pasta. In a separate pan, cook vegetables and/or meat. Mix everything together in a large bowl. Add sauces or seasoning as desired. Serve immediately."
133,Delicious Recipe 133,"[""Cumin"", ""Bread"", ""Ginger"", ""Broccoli"", ""Ginger"", ""Potato""]","[""Low-Carb""]",4.4,856,616,48,https://via.placeholder.com/150?text=Recipe+133,Prepare all ingredients by washing and chopping. Cook meat or vegetables in a pan over medium heat. Add spices and seasonings to taste. Simmer until everything is cooked through. Plate and serve warm.
134,Delicious Recipe 134,"[""Potato"", ""Cabbage"", ""Cabbage slaw"", ""Cucumber"", ""Onion"", ""Bell Pepper"", ""Herbs"", ""Beef strips"", ""Chocolate chips"", ""Zucchini""]","[""Gluten-Free""]",3.3,33,288,36,https://via.placeholder.com/150?text=Recipe+134,"Boil water in a pot and prepare any gluten-free grains or pasta. In a separate pan, cook vegetables and/or meat. Mix everything together in a large bowl. Add sauces or seasoning as desired. Serve immediately."
135,Delicious Recipe 135,"[""Broccoli"", ""Cucumber"", ""Basil"", ""Tomato"", ""Tortillas"", ""Salmon fillet"", ""Cream""]","[""Gluten-Free""]",3.5,867,260,54,https://via.placeholder.com/150?text=Recipe+135,"Boil water in a pot and prepare any gluten-free grains or pasta. In a separate pan, cook vegetables and/or meat. Mix everything together in a large bowl. Add sauces or seasoning as desired. Serve immediately."
136,Delicious Recipe 136,"[""Cabbage"", ""Oregano"", ""Parmesan"", ""Broccoli"", ""Mushroom"", ""Lime"", ""Lettuce"", ""Lemon"", ""Pepper""]","[""Vegetarian""]",3.7,756,210,89,https://via.placeholder.com/150?text=Recipe+136,"Wash and chop all vegetables. Heat oil in a pan over medium heat. Add the vegetables and sauté until tender. Season with salt, pepper, and any spices. Serve hot with your choice of side."
137,Delicious Recipe 137,"[""Zucchini"", ""Yogurt"", ""Lemon"", ""Bell peppers"", ""Cream"", ""Butter"", ""Chicken"", ""Beef strips"", ""Pepper"", ""Mushroom""]","[""Vegetarian"", ""Gluten-Free""]",3.6,164,209,29,https://via.placeholder.com/150?text=Recipe+137,"Wash and chop all vegetables. Heat oil in a pan over medium heat. Add the vegetables and sauté until tender. Season with salt, pepper, and any spices. Serve hot with your choice of side."
138,Delicious Recipe 138,"[""Broccoli"", ""Broccoli"", ""Turkey"", ""Oregano"", ""Lemon"", ""Parmesan""]","[""Vegetarian""]",4.3,28,343,64,https://via.placeholder.com/150?text=Recipe+138,"Wash and chop all vegetables. Heat oil in a pan over medium heat. Add the vegetables and sauté until tender. Season with salt, pepper, and any spices. Serve hot with your choice of side."
139,Delicious Recipe 139,"[""Chocolate chips"", ""Broccoli"", ""Mushrooms"", ""Bell Pepper"", ""Sugar""]","[""Gluten-Free"", ""Low-Carb""]",4.7,622,873,55,https://via.placeholder.com/150?text=Recipe+139,"Boil water in a pot and prepare any gluten-free grains or pasta. In a separate pan, cook vegetables and/or meat. Mix everything together in a large bowl. Add sauces or seasoning as desired. Serve immediately."
140,Delicious Recipe 140,"[""Lime"", ""Parmesan"", ""Sugar"", ""Cumin"", ""Cherry tomatoes"", ""Zucchini"", ""Pasta"", ""Flour"", ""Flour"", ""Garlic""]","[""Keto""]",3.9,234,892,66,https://via.placeholder.com/150?text=Recipe+140,Preheat oven to 375°F (190°C). Prepare ingredients by chopping and measuring them. Combine all ingredients in a mixing bowl. Transfer mixture to a baking dish or pan. Bake for 20-30 minutes until golden and cooked through.
141,Delicious Recipe 141,"[""Chicken"", ""Cheese"", ""Vanilla extract"", ""Chicken breast"", ""Cucumber""]","[""Vegan"", ""Vegetarian""]",4.6,358,296,78,https://via.placeholder.com/150?text=Recipe+141,"Wash and chop all vegetables. Heat oil in a pan over medium heat. Add the vegetables and sauté until tender. Season with salt, pepper, and any spices. Serve hot with your choice of side."
142,Delicious Recipe 142,"[""Fish"", ""Beef"", ""Zucchini"", ""Cheese"", ""Butter"", ""Broccoli"", ""Cream"", ""Asparagus"", ""White fish""]","[""Low-Carb""]",4.4,192,624,16,https://via.placeholder.com/150?text=Recipe+142,Prepare all ingredients by washing and chopping. Cook meat or vegetables in a pan over medium heat. Add spices and seasonings to taste. Simmer until everything is cooked through. Plate and serve warm.
143,Delicious Recipe 143,"[""White fish"", ""Soy sauce"", ""Rice"", ""Cream"", ""Sugar"", ""Lamb"", ""Zucchini"", ""Chocolate chips""]","[""Vegan"", ""Gluten-Free""]",3.5,690,219,62,https://via.placeholder.com/150?text=Recipe+143,"Wash and chop all vegetables. Heat oil in a pan over medium heat. Add the vegetables and sauté until tender. Season with salt, pepper, and any spices. Serve hot with your choice of side."
144,Delicious Recipe 144,"[""Beef"", ""Garlic"", ""Lemon"", ""Bell peppers"", ""Bread"", ""Sugar"", ""Tortillas""]","[""Low-Carb""]",3.4,466,345,35,https://via.placeholder.com/150?text=Recipe+144,Prepare all ingredients by washing and chopping. Cook meat or vegetables in a pan over medium heat. Add spices and seasonings to taste. Simmer until everything is cooked through. Plate and serve warm.
145,Delicious Recipe 145,"[""Cream"", ""Cumin"", ""Ginger"", ""Flour"", ""Garlic"", ""Soy sauce"", ""Vanilla extract"", ""Potato"", ""Cheese""]","[""Gluten-Free""]",3.0,997,370,19,https://via.placeholder.com/150?text=Recipe+145,"Boil water in a pot and prepare any gluten-free grains or pasta. In a separate pan, cook vegetables and/or meat. Mix everything together in a large bowl. Add sauces or seasoning as desired. Serve immediately."
146,Delicious Recipe 146,"[""Chocolate chips"", ""Lamb"", ""Olive oil"", ""Lettuce"", ""Cucumber"", ""Zucchini"", ""Soy sauce"", ""Rice"", ""Mushrooms""]","[""Vegetarian"", ""Keto""]",3.6,646,356,40,https://via.placeholder.com/150?text=Recipe+146,"Wash and chop all vegetables. Heat oil in a pan over medium heat. Add the vegetables and sauté until tender. Season with salt, pepper, and any spices. Serve hot with your choice of side."
147,Delicious Recipe 147,"[""Turkey"", ""Flour"", ""Broccoli"", ""Zucchini"", ""Carrot"", ""Ginger"", ""Spinach"", ""Ginger""]","[""Low-Carb""]",4.3,442,758,87,https://via.placeholder.com/150?text=Recipe+147,Prepare all ingredients by washing and chopping. Cook meat or vegetables in a pan over medium heat. Add spices and seasonings to taste. Simmer until everything is cooked through. Plate and serve warm.
148,Delicious Recipe 148,"[""Asparagus"", ""Chicken"", ""White fish"", ""Cherry tomatoes"", ""Parmesan"", ""Tortillas"", ""Pepper""]","[""Low-Carb"", ""Vegan""]",4.5,193,727,68,https://via.placeholder.com/150?text=Recipe+148,"Wash and chop all vegetables. Heat oil in a pan over medium heat. Add the vegetables and sauté until tender. Season with salt, pepper, and any spices. Serve hot with your choice of side."
149,Delicious Recipe 149,"[""Cabbage slaw"", ""Zucchini"", ""Bell Pepper"", ""Olive oil"", ""Pepper"", ""Vanilla extract""]","[""Gluten-Free"", ""Low-Carb""]",3.6,174,585,68,https://via.placeholder.com/150?text=Recipe+149,"Boil water in a pot and prepare any gluten-free grains or pasta. In a separate pan, cook vegetables and/or meat. Mix everything together in a large bowl. Add sauces or seasoning as desired. Serve immediately."
150,Delicious Recipe 150,"[""Flour"", ""Pepper"", ""Carrots"", ""Spinach"", ""Parmesan"", ""Asparagus"", ""Tortillas"", ""Salmon fillet"", ""Lamb""]","[""Vegan""]",4.2,968,408,42,https://via.placeholder.com/150?text=Recipe+150,"Wash and chop all vegetables. Heat oil in a pan over medium heat. Add the vegetables and sauté until tender. Season with salt, pepper, and any spices. Serve hot with your choice of side."
151,Delicious Recipe 151,"[""Tomatoes"", ""Salt"", ""Tortillas"", ""Spinach"", ""Carrot"", ""Lemon"", ""Asparagus""]","[""Low-Carb""]",3.6,475,548,58,https://via.placeholder.com/150?text=Recipe+151,Prepare all ingredients by washing and chopping. Cook meat or vegetables in a pan over medium heat. Add spices and seasonings to taste. Simmer until everything is cooked through. Plate and serve warm.
152,Delicious Recipe 152,"[""Lettuce"", ""Oregano"", ""Sugar"", ""Herbs"", ""Asparagus"", ""Yogurt""]","[""Vegan""]",4.2,334,698,23,https://via.placeholder.com/150?text=Recipe+152,"Wash and chop all vegetables. Heat oil in a pan over medium heat. Add the vegetables and sauté until tender. Season with salt, pepper, and any spices. Serve hot with your choice of side."
153,Delicious Recipe 153,"[""Lamb"", ""Onion"", ""Asparagus"", ""Paprika"", ""Broccoli"", ""Pasta"", ""Cherry Tomatoes"", ""Zucchini"", ""Ginger""]","[""Vegan"", ""Gluten-Free""]",3.5,98,641,16,https://via.placeholder.com/150?text=Recipe+153,"Wash and chop all vegetables. Heat oil in a pan over medium heat. Add the vegetables and sauté until tender. Season with salt, pepper, and any spices. Serve hot with your choice of side."
154,Delicious Recipe 154,"[""Garlic"", ""Zucchini"", ""Fish"", ""Asparagus"", ""Chicken breast"", ""Yogurt""]","[""Keto"", ""Vegan""]",3.6,96,419,23,https://via.placeholder.com/150?text=Recipe+154,"Wash and chop all vegetables. Heat oil in a pan over medium heat. Add the vegetables and sauté until tender. Season with salt, pepper, and any spices. Serve hot with your choice of side."
155,Delicious Recipe 155,"[""Bell Pepper"", ""Mushroom"", ""Fish"", ""Zucchini"", ""Lemon"", ""Beef"", ""Basil"", ""Herbs""]","[""Low-Carb""]",4.9,249,590,48,https://via.placeholder.com/150?text=Recipe+155,Prepare all ingredients by washing and chopping. Cook meat or vegetables in a pan over medium heat. Add spices and seasonings to taste. Simmer until everything is cooked through. Plate and serve warm.
156,Delicious Recipe 156,"[""Lettuce"", ""Tomatoes"", ""Vanilla extract"", ""Carrot"", ""Butter"", ""Parmesan"", ""Yogurt"", ""Turkey""]","[""Low-Carb""]",3.9,401,374,81,https://via.placeholder.com/150?text=Recipe+156,Prepare all ingredients by washing and chopping. Cook meat or vegetables in a pan over medium heat. Add spices and seasonings to taste. Simmer until everything is cooked through. Plate and serve warm.
157,Delicious Recipe 157,"[""Cheese"", ""Tomato"", ""Lemon"", ""White fish"", ""Cumin"", ""Egg""]","[""Non-Vegetarian"", ""Vegetarian""]",3.3,404,302,15,https://via.placeholder.com/150?text=Recipe+157,"Wash and chop all vegetables. Heat oil in a pan over medium heat. Add the vegetables and sauté until tender. Season with salt, pepper, and any spices. Serve hot with your choice of side."
158,Delicious Recipe 158,"[""Milk"", ""Broccoli"", ""Avocado"", ""Flour"", ""Beef"", ""Cabbage""]","[""Keto""]",5.0,510,608,58,https://via.placeholder.com/150?text=Recipe+158,Preheat oven to 375°F (190°C). Prepare ingredients by chopping and measuring them. Combine all ingredients in a mixing bowl. Transfer mixture to a baking dish or pan. Bake for 20-30 minutes until golden and cooked through.
159,Delicious Recipe 159,"[""Chocolate chips"", ""Sugar"", ""Cabbage"", ""Turkey"", ""Vanilla extract"", ""Salmon fillet""]","[""Vegan"", ""Low-Carb""]",4.9,882,304,24,https://via.placeholder.com/150?text=Recipe+159,"Wash and chop all vegetables. Heat oil in a pan over medium heat. Add the vegetables and sauté until tender. Season with salt, pepper, and any spices. Serve hot with your choice of side."
160,Delicious Recipe 160,"[""Cucumber"", ""Soy sauce"", ""Cherry Tomatoes"", ""Sugar"", ""Butter""]","[""Gluten-Free"", ""Vegan""]",3.1,163,874,62,https://via.placeholder.com/150?text=Recipe+160,"Wash and chop all vegetables. Heat oil in a pan over medium heat. Add the vegetables and sauté until tender. Season with salt, pepper, and any spices. Serve hot with your choice of side."
161,Delicious Recipe 161,"[""Dill"", ""Dill"", ""Basil"", ""Garlic"", ""Mushroom"", ""Paprika""]","[""Low-Carb""]",4.2,860,899,63,https://via.placeholder.com/150?text=Recipe+161,Prepare all ingredients by washing and chopping. Cook meat or vegetables in a pan over medium heat. Add spices and seasonings to taste. Simmer until everything is cooked through. Plate and serve warm.
162,Delicious Recipe 162,"[""Zucchini"", ""Chocolate chips"", ""Lettuce"", ""Sugar"", ""Tortillas"", ""Pepper"", ""Pasta"", ""Flour"", ""Cheese"", ""Lime""]","[""Vegan"", ""Non-Vegetarian""]",4.9,438,292,55,https://via.placeholder.com/150?text=Recipe+162,"Wash and chop all vegetables. Heat oil in a pan over medium heat. Add the vegetables and sauté until tender. Season with salt, pepper, and any spices. Serve hot with your choice of side."
163,Delicious Recipe 163,"[""Soy sauce"", ""Cherry tomatoes"", ""Tomatoes"", ""Bread"", ""Avocado"", ""Cream"", ""Ginger"", ""Beef"", ""Soy sauce"", ""Potato""]","[""Low-Carb""]",4.2,35,788,78,https://via.placeholder.com/150?text=Recipe+163,Prepare all ingredients by washing and chopping. Cook meat or vegetables in a pan over medium heat. Add spices and seasonings to taste. Simmer until everything is cooked through. Plate and serve warm.
164,Delicious Recipe 164,"[""Beef"", ""Pork"", ""Lime"", ""Dill"", ""Cream"", ""Herbs"", ""Yogurt"", ""Milk""]","[""Low-Carb""]",4.6,666,830,43,https://via.placeholder.com/150?text=Recipe+164,Prepare all ingredients by washing and chopping. Cook meat or vegetables in a pan over medium heat. Add spices and seasonings to taste. Simmer until everything is cooked through. Plate and serve warm.
165,Delicious Recipe 165,"[""Cheese"", ""Bell Pepper"", ""Carrot"", ""Ginger"", ""Lettuce"", ""Cumin""]","[""Low-Carb""]",4.2,332,577,82,https://via.placeholder.com/150?text=Recipe+165,Prepare all ingredients by washing and chopping. Cook meat or vegetables in a pan over medium heat. Add spices and seasonings to taste. Simmer until everything is cooked through. Plate and serve warm.
166,Delicious Recipe 166,"[""Cherry tomatoes"", ""Milk"", ""Chicken breast"", ""Bread"", ""Paprika"", ""Tomatoes"", ""Tortillas"", ""Cucumber"", ""Lemon""]","[""Keto""]",3.9,911,418,77,https://via.placeholder.com/150?text=Recipe+166,Preheat oven to 375°F (190°C). Prepare ingredients by chopping and measuring them. Combine all ingredients in a mixing bowl. Transfer mixture to a baking dish or pan. Bake for 20-30 minutes until golden and cooked through.
167,Delicious Recipe 167,"[""Pork"", ""Cream"", ""Broccoli"", ""Sugar"", ""Lettuce"", ""Carrots""]","[""Keto"", ""Vegetarian""]",4.6,246,784,65,https://via.placeholder.com/150?text=Recipe+167,"Wash and chop all vegetables. Heat oil in a pan over medium heat. Add the vegetables and sauté until tender. Season with salt, pepper, and any spices. Serve hot with your choice of side."
168,Delicious Recipe 168,"[""Soy sauce"", ""Lettuce"", ""Parmesan"", ""Cherry tomatoes"", ""Tomato"", ""Herbs"", ""White fish""]","[""Non-Vegetarian"", ""Gluten-Free""]",3.7,131,209,73,https://via.placeholder.com/150?text=Recipe+168,"Boil water in a pot and prepare any gluten-free grains or pasta. In a separate pan, cook vegetables and/or meat. Mix everything together in a large bowl. Add sauces or seasoning as desired. Serve immediately."
169,Delicious Recipe 169,"[""Lemon"", ""Cheese"", ""Lettuce"", ""Bell peppers"", ""Dill""]","[""Non-Vegetarian"", ""Vegan""]",3.5,369,458,78,https://via.placeholder.com/150?text=Recipe+169,"Wash and chop all vegetables. Heat oil in a pan over medium heat. Add the vegetables and sauté until tender. Season with salt, pepper, and any spices. Serve hot with your choice of side."
170,Delicious Recipe 170,"[""Sugar"", ""Sugar"", ""Asparagus"", ""Dill"", ""Chicken"", ""Tomatoes"", ""Cream"", ""Mushroom"", ""Butter""]","[""Vegan"", ""Keto""]",4.7,682,346,63,https://via.placeholder.com/150?text=Recipe+170,"Wash and chop all vegetables. Heat oil in a pan over medium heat. Add the vegetables and sauté until tender. Season with salt, pepper, and any spices. Serve hot with your choice of side."
171,Delicious Recipe 171,"[""Soy sauce"", ""Butter"", ""Paprika"", ""Pepper"", ""Lettuce"", ""Asparagus"", ""Tomatoes"", ""Vanilla extract"", ""Onion""]","[""Non-Vegetarian""]",3.8,916,229,55,https://via.placeholder.com/150?text=Recipe+171,Prepare all ingredients by washing and chopping. Cook meat or vegetables in a pan over medium heat. Add spices and seasonings to taste. Simmer until everything is cooked through. Plate and serve warm.
172,Delicious Recipe 172,"[""Mushroom"", ""Vanilla extract"", ""Spinach"", ""Zucchini"", ""Lime""]","[""Vegetarian"", ""Non-Vegetarian""]",3.8,232,499,88,https://via.placeholder.com/150?text=Recipe+172,"Wash and chop all vegetables. Heat oil in a pan over medium heat. Add the vegetables and sauté until tender. Season with salt, pepper, and any spices. Serve hot with your choice of side."
173,Delicious Recipe 173,"[""Parmesan"", ""Cherry Tomatoes"", ""Vanilla extract"", ""Cucumber"", ""Pasta"", ""Lemon"", ""Chocolate chips"", ""Mushroom"", ""Cheese"", ""Asparagus""]","[""Keto"", ""Vegetarian""]",4.2,724,750,47,https://via.placeholder.com/150?text=Recipe+173,"Wash and chop all vegetables. Heat oil in a pan over medium heat. Add the vegetables and sauté until tender. Season with salt, pepper, and any spices. Serve hot with your choice of side."
174,Delicious Recipe 174,"[""Cream"", ""Mushroom"", ""Cumin"", ""Fish"", ""Ginger"", ""Zucchini"", ""Garlic"", ""Asparagus"", ""Sugar""]","[""Low-Carb"", ""Keto""]",4.9,741,640,67,https://via.placeholder.com/150?text=Recipe+174,Preheat oven to 375°F (190°C). Prepare ingredients by chopping and measuring them. Combine all ingredients in a mixing bowl. Transfer mixture to a baking dish or pan. Bake for 20-30 minutes until golden and cooked through.
175,Delicious Recipe 175,"[""Mushrooms"", ""Salt"", ""Lime"", ""Butter"", ""Basil"", ""Cherry tomatoes"", ""Asparagus"", ""Butter""]","[""Vegan"", ""Vegetarian""]",3.5,382,353,34,https://via.placeholder.com/150?text=Recipe+175,"Wash and chop all vegetables. Heat oil in a pan over medium heat. Add the vegetables and sauté until tender. Season with salt, pepper, and any spices. Serve hot with your choice of side."
176,Delicious Recipe 176,"[""Cucumber"", ""Onion"", ""Zucchini"", ""Fish"", ""Cream"", ""Tortillas""]","[""Vegan""]",3.6,468,694,80,https://via.placeholder.com/150?text=Recipe+176,"Wash and chop all vegetables. Heat oil in a pan over medium heat. Add the vegetables and sauté until tender. Season with salt, pepper, and any spices. Serve hot with your choice of side."
177,Delicious Recipe 177,"[""Spinach"", ""Cucumber"", ""Garlic"", ""Lettuce"", ""Butter"", ""Lettuce"", ""Chicken"", ""Oregano"", ""Milk"", ""Cabbage""]","[""Gluten-Free""]",3.1,796,669,82,https://via.placeholder.com/150?text=Recipe+177,"Boil water in a pot and prepare any gluten-free grains or pasta. In a separate pan, cook vegetables and/or meat. Mix everything together in a large bowl. Add sauces or seasoning as desired. Serve immediately."
178,Delicious Recipe 178,"[""Sugar"", ""Bell Pepper"", ""Lime"", ""Tomato"", ""Asparagus""]","[""Low-Carb"", ""Non-Vegetarian""]",3.4,264,664,77,https://via.placeholder.com/150?text=Recipe+178,Prepare all ingredients by washing and chopping. Cook meat or vegetables in a pan over medium heat. Add spices and seasonings to taste. Simmer until everything is cooked through. Plate and serve warm.
179,Delicious Recipe 179,"[""Dill"", ""Bell peppers"", ""Sugar"", ""Olive oil"", ""Cucumber"", ""Milk"", ""Lemon"", ""Tomatoes""]","[""Low-Carb""]",4.3,459,217,39,https://via.placeholder.com/150?text=Recipe+179,Prepare all ingredients by washing and chopping. Cook meat or vegetables in a pan over medium heat. Add spices and seasonings to taste. Simmer until everything is cooked through. Plate and serve warm.
180,Delicious Recipe 180,"[""Milk"", ""Chicken"", ""Mushrooms"", ""Cabbage slaw"", ""Egg""]","[""Vegetarian""]",4.7,570,778,37,https://via.placeholder.com/150?text=Recipe+180,"Wash and chop all vegetables. Heat oil in a pan over medium heat. Add the vegetables and sauté until tender. Season with salt, pepper, and any spices. Serve hot with your choice of side."
181,Delicious Recipe 181,"[""Carrot"", ""Lamb"", ""Turkey"", ""Sugar"", ""Cream""]","[""Keto"", ""Gluten-Free""]",3.9,777,838,74,https://via.placeholder.com/150?text=Recipe+181,Preheat oven to 375°F (190°C). Prepare ingredients by chopping and measuring them. Combine all ingredients in a mixing bowl. Transfer mixture to a baking dish or pan. Bake for 20-30 minutes until golden and cooked through.
182,Delicious Recipe 182,"[""Carrots"", ""Avocado"", ""Milk"", ""White fish"", ""Broccoli""]","[""Gluten-Free""]",4.5,598,296,84,https://via.placeholder.com/150?text=Recipe+182,"Boil water in a pot and prepare any gluten-free grains or pasta. In a separate pan, cook vegetables and/or meat. Mix everything together in a large bowl. Add sauces or seasoning as desired. Serve immediately."
183,Delicious Recipe 183,"[""Tortillas"", ""Bell Pepper"", ""Soy sauce"", ""Olive oil"", ""Basil"", ""Beef strips"", ""Chocolate chips""]","[""Low-Carb"", ""Keto""]",3.7,609,454,56,https://via.placeholder.com/150?text=Recipe+183,Preheat oven to 375°F (190°C). Prepare ingredients by chopping and measuring them. Combine all ingredients in a mixing bowl. Transfer mixture to a baking dish or pan. Bake for 20-30 minutes until golden and cooked through.
184,Delicious Recipe 184,"[""Chicken breast"", ""Beef"", ""Broccoli"", ""Sugar"", ""Herbs"", ""Carrots"", ""Rice""]","[""Low-Carb""]",4.7,591,427,16,https://via.placeholder.com/150?text=Recipe+184,Prepare all ingredients by washing and chopping. Cook meat or vegetables in a pan over medium heat. Add spices and seasonings to taste. Simmer until everything is cooked through. Plate and serve warm.
185,Delicious Recipe 185,"[""Avocado"", ""Tortillas"", ""Pepper"", ""Chocolate chips"", ""Fish""]","[""Gluten-Free""]",3.0,697,773,66,https://via.placeholder.com/150?text=Recipe+185,"Boil water in a pot and prepare any gluten-free grains or pasta. In a separate pan, cook vegetables and/or meat. Mix everything together in a large bowl. Add sauces or seasoning as desired. Serve immediately."
186,Delicious Recipe 186,"[""Pork"", ""Asparagus"", ""White fish"", ""Turkey"", ""Dill"", ""Garlic""]","[""Low-Carb"", ""Vegan""]",4.0,795,257,34,https://via.placeholder.com/150?text=Recipe+186,"Wash and chop all vegetables. Heat oil in a pan over medium heat. Add the vegetables and sauté until tender. Season with salt, pepper, and any spices. Serve hot with your choice of side."
187,Delicious Recipe 187,"[""Cabbage slaw"", ""Flour"", ""Cumin"", ""Tomatoes"", ""Sugar"", ""Tortillas""]","[""Vegan""]",4.4,500,771,70,https://via.placeholder.com/150?text=Recipe+187,"Wash and chop all vegetables. Heat oil in a pan over medium heat. Add the vegetables and sauté until tender. Season with salt, pepper, and any spices. Serve hot with your choice of side."
188,Delicious Recipe 188,"[""Cabbage slaw"", ""Yogurt"", ""Avocado"", ""Chocolate chips"", ""Cream"", ""Turkey"", ""Salmon fillet""]","[""Gluten-Free"", ""Low-Carb""]",4.8,574,897,16,https://via.placeholder.com/150?text=Recipe+188,"Boil water in a pot and prepare any gluten-free grains or pasta. In a separate pan, cook vegetables and/or meat. Mix everything together in a large bowl. Add sauces or seasoning as desired. Serve immediately."
189,Delicious Recipe 189,"[""Mushrooms"", ""Turkey"", ""Beef"", ""Flour"", ""Salt""]","[""Vegan""]",4.3,534,626,86,https://via.placeholder.com/150?text=Recipe+189,"Wash and chop all vegetables. Heat oil in a pan over medium heat. Add the vegetables and sauté until tender. Season with salt, pepper, and any spices. Serve hot with your choice of side."
190,Delicious Recipe 190,"[""Lettuce"", ""Mushroom"", ""Fish"", ""Basil"", ""Milk"", ""Pasta"", ""Tomatoes"", ""Cherry tomatoes""]","[""Non-Vegetarian"", ""Low-Carb""]",5.0,688,853,61,https://via.placeholder.com/150?text=Recipe+190,Prepare all ingredients by washing and chopping. Cook meat or vegetables in a pan over medium heat. Add spices and seasonings to taste. Simmer until everything is cooked through. Plate and serve warm.
191,Delicious Recipe 191,"[""Cheese"", ""Dill"", ""Fish"", ""Chocolate chips"", ""Broccoli"", ""Cream""]","[""Vegan""]",3.7,711,504,80,https://via.placeholder.com/150?text=Recipe+191,"Wash and chop all vegetables. Heat oil in a pan over medium heat. Add the vegetables and sauté until tender. Season with salt, pepper, and any spices. Serve hot with your choice of side."
192,Delicious Recipe 192,"[""Garlic"", ""Bell peppers"", ""Onion"", ""Lamb"", ""Flour"", ""Asparagus"", ""Salmon fillet"", ""Ginger"", ""Turkey"", ""Cumin""]","[""Non-Vegetarian""]",4.2,673,468,88,https://via.placeholder.com/150?text=Recipe+192,Prepare all ingredients by washing and chopping. Cook meat or vegetables in a pan over medium heat. Add spices and seasonings to taste. Simmer until everything is cooked through. Plate and serve warm.
193,Delicious Recipe 193,"[""Soy sauce"", ""Lettuce"", ""Olive oil"", ""Zucchini"", ""Turkey""]","[""Non-Vegetarian"", ""Gluten-Free""]",4.1,103,366,78,https://via.placeholder.com/150?text=Recipe+193,"Boil water in a pot and prepare any gluten-free grains or pasta. In a separate pan, cook vegetables and/or meat. Mix everything together in a large bowl. Add sauces or seasoning as desired. Serve immediately."
194,Delicious Recipe 194,"[""Herbs"", ""Cheese"", ""Spinach"", ""White fish"", ""Salmon fillet"", ""Butter"", ""Chocolate chips"", ""Cherry Tomatoes"", ""Vanilla extract"", ""Soy sauce""]","[""Low-Carb""]",5.0,613,770,32,https://via.placeholder.com/150?text=Recipe+194,Prepare all ingredients by washing and chopping. Cook meat or vegetables in a pan over medium heat. Add spices and seasonings to taste. Simmer until everything is cooked through. Plate and serve warm.
195,Delicious Recipe 195,"[""Dill"", ""Soy sauce"", ""Mushroom"", ""Chicken"", ""Garlic""]","[""Low-Carb"", ""Vegan""]",3.3,864,438,26,https://via.placeholder.com/150?text=Recipe+195,"Wash and chop all vegetables. Heat oil in a pan over medium heat. Add the vegetables and sauté until tender. Season with salt, pepper, and any spices. Serve hot with your choice of side."
196,Delicious Recipe 196,"[""Chocolate chips"", ""Salt"", ""Ginger"", ""Lettuce"", ""Lime"", ""Fish""]","[""Low-Carb"", ""Keto""]",3.3,360,817,19,https://via.placeholder.com/150?text=Recipe+196,Preheat oven to 375°F (190°C). Prepare ingredients by chopping and measuring them. Combine all ingredients in a mixing bowl. Transfer mixture to a baking dish or pan. Bake for 20-30 minutes until golden and cooked through.
197,Delicious Recipe 197,"[""Sugar"", ""Rice"", ""Cabbage"", ""Avocado"", ""Onion"", ""Tortillas"", ""Pasta"", ""Basil""]","[""Low-Carb""]",3.9,457,292,24,https://via.placeholder.com/150?text=Recipe+197,Prepare all ingredients by washing and chopping. Cook meat or vegetables in a pan over medium heat. Add spices and seasonings to taste. Simmer until everything is cooked through. Plate and serve warm.
198,Delicious Recipe 198,"[""Flour"", ""Lemon"", ""Zucchini"", ""Cucumber"", ""White fish"", ""Sugar"", ""Soy sauce""]","[""Non-Vegetarian"", ""Gluten-Free""]",4.0,18,241,89,https://via.placeholder.com/150?text=Recipe+198,"Boil water in a pot and prepare any gluten-free grains or pasta. In a separate pan, cook vegetables and/or meat. Mix everything together in a large bowl. Add sauces or seasoning as desired. Serve immediately."
199,Delicious Recipe 199,"[""Zucchini"", ""Dill"", ""Basil"", ""Lettuce"", ""Cabbage""]","[""Gluten-Free"", ""Keto""]",3.1,802,743,16,https://via.placeholder.com/150?text=Recipe+199,Preheat oven to 375°F (190°C). Prepare ingredients by chopping and measuring them. Combine all ingredients in a mixing bowl. Transfer mixture to a baking dish or pan. Bake for 20-30 minutes until golden and cooked through.
200,Delicious Recipe 200,"[""Sugar"", ""Turkey"", ""Flour"", ""Spinach"", ""Zucchini"", ""Mushrooms"", ""Tomatoes"", ""Paprika""]","[""Gluten-Free"", ""Vegetarian""]",4.1,751,451,42,https://via.placeholder.com/150?text=Recipe+200,"Wash and chop all vegetables. Heat oil in a pan over medium heat. Add the vegetables and sauté until tender. Season with salt, pepper, and any spices. Serve hot with your choice of side."
